"","price.open","price.high","price.low","price.close","volume","price.adjusted","ref.date","ticker","ret.adjusted.prices","ret.closing.prices"
"1",256.26001,260.329987,244.589996,252.479996,16114000,252.479996,2018-04-02,"TSLA",NA,NA
"2",269.820007,273.350006,254.490005,267.529999,18844400,267.529999,2018-04-03,"TSLA",0.0596086947022922,0.0596086947022922
"3",252.779999,288.369995,252,286.940002,19896700,286.940002,2018-04-04,"TSLA",0.0725526224070296,0.0725526224070296
"4",289.339996,306.26001,288.200012,305.720001,19121100,305.720001,2018-04-05,"TSLA",0.0654492188928055,0.0654492188928055
"5",301,309.279999,295.5,299.299988,13520300,299.299988,2018-04-06,"TSLA",-0.0209996499378529,-0.0209996499378529
"6",300.369995,309.5,289.209991,289.660004,10249800,289.660004,2018-04-09,"TSLA",-0.0322084343017079,-0.0322084343017079
"7",298.970001,307.100006,293.679993,304.700012,10989800,304.700012,2018-04-10,"TSLA",0.0519229710429749,0.0519229710429749
"8",300.73999,308.980011,299.660004,300.929993,7482900,300.929993,2018-04-11,"TSLA",-0.0123728875993612,-0.0123728875993612
"9",302.320007,303.950012,293.679993,294.079987,7608800,294.079987,2018-04-12,"TSLA",-0.0227627892178897,-0.0227627892178897
"10",303.600006,303.950012,295.980011,300.339996,7327200,300.339996,2018-04-13,"TSLA",0.021286756245674,0.021286756245674
"11",299,299.660004,289.01001,291.209991,6338500,291.209991,2018-04-16,"TSLA",-0.0303988983205553,-0.0303988983205553
"12",288.869995,292.170013,282.51001,287.690002,7e+06,287.690002,2018-04-17,"TSLA",-0.0120874595954368,-0.0120874595954368
"13",291.079987,300.23999,288.160004,293.350006,6557700,293.350006,2018-04-18,"TSLA",0.0196739683709968,0.0196739683709968
"14",291.079987,301.01001,288.549988,300.079987,6090600,300.079987,2018-04-19,"TSLA",0.0229418130640844,0.0229418130640844
"15",295.170013,299.980011,289.75,290.23999,5627900,290.23999,2018-04-20,"TSLA",-0.0327912470883973,-0.0327912470883973
"16",291.290009,291.619995,282.329987,283.369995,4893400,283.369995,2018-04-23,"TSLA",-0.0236700497405611,-0.0236700497405611
"17",285,287.089996,278.459991,283.459991,5685300,283.459991,2018-04-24,"TSLA",0.000317591846659582,0.000317591846659582
"18",283.5,285.160004,277.25,280.690002,4013600,280.690002,2018-04-25,"TSLA",-0.009772063387951,-0.009772063387951
"19",278.75,285.790009,276.5,285.480011,4356000,285.480011,2018-04-26,"TSLA",0.0170651215428756,0.0170651215428756
"20",285.369995,294.470001,283.829987,294.079987,4364600,294.079987,2018-04-27,"TSLA",0.0301246170261638,0.0301246170261638
"21",293.609985,298.730011,292.5,293.899994,4228200,293.899994,2018-04-30,"TSLA",-0.000612054570037879,-0.000612054570037879
"22",293.51001,300.820007,293.220001,299.920013,4625600,299.920013,2018-05-01,"TSLA",0.0204832226025837,0.0204832226025837
"23",298.570007,306.850006,297.779999,301.149994,8970400,301.149994,2018-05-02,"TSLA",0.00410103009698126,0.00410103009698126
"24",278.790009,288.040009,275.230011,284.450012,17352100,284.450012,2018-05-03,"TSLA",-0.0554540339788284,-0.0554540339788284
"25",283,296.859985,279.519989,294.089996,8569400,294.089996,2018-05-04,"TSLA",0.0338899054080546,0.0338899054080546
"26",297.5,305.959991,295.170013,302.769989,8678200,302.769989,2018-05-07,"TSLA",0.0295147509879936,0.0295147509879936
"27",300.799988,307.75,299,301.970001,5930000,301.970001,2018-05-08,"TSLA",-0.00264223017163034,-0.00264223017163034
"28",300.410004,307.01001,300.049988,306.850006,5727400,306.850006,2018-05-09,"TSLA",0.0161605622539969,0.0161605622539969
"29",307.5,312.98999,304.109985,305.019989,5651600,305.019989,2018-05-10,"TSLA",-0.00596388125864988,-0.00596388125864988
"30",307.700012,308.880005,299.079987,301.059998,4679600,301.059998,2018-05-11,"TSLA",-0.0129827261911022,-0.0129827261911022
"31",303.320007,304.940002,291.619995,291.970001,7286800,291.970001,2018-05-14,"TSLA",-0.0301933071825768,-0.0301933071825768
"32",285.01001,286.959991,280.5,284.179993,9519200,284.179993,2018-05-15,"TSLA",-0.0266808506809575,-0.0266808506809575
"33",283.829987,288.809998,281.559998,286.480011,5674000,286.480011,2018-05-16,"TSLA",0.00809352542984954,0.00809352542984954
"34",285.899994,289.190002,283.970001,284.540009,4420600,284.540009,2018-05-17,"TSLA",-0.00677185815941617,-0.00677185815941617
"35",284.649994,284.649994,274,276.820007,7251900,276.820007,2018-05-18,"TSLA",-0.0271315166789076,-0.0271315166789076
"36",281.329987,291.48999,281.299988,284.48999,9182600,284.48999,2018-05-21,"TSLA",0.0277074734702973,0.0277074734702973
"37",287.76001,288,273.420013,275.01001,8945800,275.01001,2018-05-22,"TSLA",-0.0333227190172841,-0.0333227190172841
"38",277.76001,279.910004,274,279.070007,5953100,279.070007,2018-05-23,"TSLA",0.0147630880781393,0.0147630880781393
"39",278.399994,281.109985,274.890015,277.850006,4176700,277.850006,2018-05-24,"TSLA",-0.00437166649728848,-0.00437166649728848
"40",277.630005,279.640015,275.609985,278.850006,3875100,278.850006,2018-05-25,"TSLA",0.0035990641655772,0.0035990641655772
"41",278.51001,286.5,276.149994,283.76001,5666600,283.76001,2018-05-29,"TSLA",0.0176080469584068,0.0176080469584068
"42",283.290009,295.01001,281.600006,291.720001,7489700,291.720001,2018-05-30,"TSLA",0.0280518421182745,0.0280518421182745
"43",287.209991,290.369995,282.929993,284.730011,5919700,284.730011,2018-05-31,"TSLA",-0.0239612984232782,-0.0239612984232782
"44",285.859985,291.950012,283.839996,291.820007,5424400,291.820007,2018-06-01,"TSLA",0.0249007681877271,0.0249007681877271
"45",294.339996,299,293.549988,296.73999,4797800,296.73999,2018-06-04,"TSLA",0.0168596493796944,0.0168596493796944
"46",297.700012,297.799988,286.73999,291.130005,5995200,291.130005,2018-06-05,"TSLA",-0.0189053891927408,-0.0189053891927408
"47",300.5,322.170013,297.480011,319.5,18767300,319.5,2018-06-06,"TSLA",0.0974478566714552,0.0974478566714552
"48",316.149994,330,313.579987,316.089996,14345300,316.089996,2018-06-07,"TSLA",-0.0106729389671362,-0.0106729389671362
"49",319,324.480011,317.149994,317.660004,8205200,317.660004,2018-06-08,"TSLA",0.00496696516773043,0.00496696516773043
"50",322.51001,334.660004,322.5,332.100006,13183500,332.100006,2018-06-11,"TSLA",0.0454574130144505,0.0454574130144505
"51",344.700012,354.970001,338,342.769989,22347400,342.769989,2018-06-12,"TSLA",0.0321288250744567,0.0321288250744567
"52",346.709991,347.200012,339.799988,344.779999,9469800,344.779999,2018-06-13,"TSLA",0.00586401979316786,0.00586401979316786
"53",347.630005,358.75,346.600006,357.720001,10981000,357.720001,2018-06-14,"TSLA",0.0375311852123998,0.0375311852123998
"54",353.839996,364.670013,351.25,358.170013,10848300,358.170013,2018-06-15,"TSLA",0.00125800066739901,0.00125800066739901
"55",355.399994,373.730011,354.5,370.829987,12073200,370.829987,2018-06-18,"TSLA",0.0353462700407587,0.0353462700407587
"56",365.160004,370,346.25,352.549988,12761900,352.549988,2018-06-19,"TSLA",-0.049294824153474,-0.049294824153474
"57",358.040009,364.380005,352,362.220001,8383700,362.220001,2018-06-20,"TSLA",0.0274287713207921,0.0274287713207921
"58",362,366.209991,346.269989,347.51001,7967100,347.51001,2018-06-21,"TSLA",-0.040610653634226,-0.040610653634226
"59",351.540009,352.25,332,333.630005,10266100,333.630005,2018-06-22,"TSLA",-0.0399413098920518,-0.0399413098920518
"60",330.119995,338.470001,327.5,333.01001,6931300,333.01001,2018-06-25,"TSLA",-0.00185833105748379,-0.00185833105748379
"61",336.049988,343.549988,325.799988,342,7452500,342,2018-06-26,"TSLA",0.0269961554609124,0.0269961554609124
"62",345,350.790009,339.5,344.5,8333700,344.5,2018-06-27,"TSLA",0.00730994152046782,0.00730994152046782
"63",348.660004,357.019989,346.109985,349.929993,8398000,349.929993,2018-06-28,"TSLA",0.0157619535558782,0.0157619535558782
"64",353.329987,353.859985,342.410004,342.950012,6492400,342.950012,2018-06-29,"TSLA",-0.0199467926146016,-0.0199467926146016
"65",360.070007,364.779999,329.850006,335.070007,18759800,335.070007,2018-07-02,"TSLA",-0.0229771241413458,-0.0229771241413458
"66",331.75,332.48999,309.690002,310.859985,12282600,310.859985,2018-07-03,"TSLA",-0.0722536231062901,-0.0722536231062901
"67",313.76001,314.390015,296.220001,309.160004,17476400,309.160004,2018-07-05,"TSLA",-0.00546863887933335,-0.00546863887933335
"68",304.950012,312.070007,302,308.899994,8865500,308.899994,2018-07-06,"TSLA",-0.000841020819756566,-0.000841020819756566
"69",311.98999,318.519989,308,318.51001,7596800,318.51001,2018-07-09,"TSLA",0.0311104441135082,0.0311104441135082
"70",324.559998,327.679993,319.200012,322.470001,9471500,322.470001,2018-07-10,"TSLA",0.0124328620001612,0.0124328620001612
"71",315.799988,321.940002,315.070007,318.959991,4884100,318.959991,2018-07-11,"TSLA",-0.0108847644404604,-0.0108847644404604
"72",321.429993,323.230011,312.769989,316.709991,5721200,316.709991,2018-07-12,"TSLA",-0.00705417627128035,-0.00705417627128035
"73",315.579987,319.579987,309.25,318.869995,5869800,318.869995,2018-07-13,"TSLA",0.00682013217574817,0.00682013217574817
"74",311.709991,315.160004,306.25,310.100006,7818700,310.100006,2018-07-16,"TSLA",-0.0275033372142776,-0.0275033372142776
"75",308.809998,324.73999,308.5,322.690002,6996200,322.690002,2018-07-17,"TSLA",0.0405997928294137,0.0405997928294137
"76",325,325.5,316.25,323.850006,5624200,323.850006,2018-07-18,"TSLA",0.0035947937426335,0.0035947937426335
"77",316.329987,323.540009,314.01001,320.230011,5915300,320.230011,2018-07-19,"TSLA",-0.0111779988665494,-0.0111779988665494
"78",321.230011,323.23999,311.709991,313.579987,5162200,313.579987,2018-07-20,"TSLA",-0.0207663984372782,-0.0207663984372782
"79",301.839996,305.5,292.859985,303.200012,10992900,303.200012,2018-07-23,"TSLA",-0.0331015225152108,-0.0331015225152108
"80",304.420013,307.720001,292.549988,297.429993,9590800,297.429993,2018-07-24,"TSLA",-0.0190304049196409,-0.0190304049196409
"81",296.73999,309.619995,294.5,308.73999,7075400,308.73999,2018-07-25,"TSLA",0.0380257447674417,0.0380257447674417
"82",304.850006,310.700012,303.640015,306.649994,4630500,306.649994,2018-07-26,"TSLA",-0.00676943728604762,-0.00676943728604762
"83",307.25,307.690002,295.339996,297.179993,5703300,297.179993,2018-07-27,"TSLA",-0.0308821170236186,-0.0308821170236186
"84",295.899994,296.100006,286.130005,290.170013,6814100,290.170013,2018-07-30,"TSLA",-0.0235883308604831,-0.0235883308604831
"85",292.25,298.320007,289.070007,298.140015,5076900,298.140015,2018-07-31,"TSLA",0.0274666631386202,0.0274666631386202
"86",297.98999,303,293,300.839996,10129400,300.839996,2018-08-01,"TSLA",0.00905608393425483,0.00905608393425483
"87",328.440002,349.98999,323.160004,349.540009,23215000,349.540009,2018-08-02,"TSLA",0.161880114504456,0.161880114504456
"88",347.809998,355,342.529999,348.170013,13656500,348.170013,2018-08-03,"TSLA",-0.00391942542977963,-0.00391942542977963
"89",345.459991,354.980011,341.820007,341.98999,8564300,341.98999,2018-08-06,"TSLA",-0.0177500151341293,-0.0177500151341293
"90",343.839996,387.459991,339.149994,379.570007,30875800,379.570007,2018-08-07,"TSLA",0.109886306906234,0.109886306906234
"91",369.089996,382.640015,367.119995,370.339996,24571200,370.339996,2018-08-08,"TSLA",-0.0243170188101822,-0.0243170188101822
"92",365.549988,367.01001,345.730011,352.450012,17103700,352.450012,2018-08-09,"TSLA",-0.0483069184890308,-0.0483069184890308
"93",354,360,346,355.48999,11552000,355.48999,2018-08-10,"TSLA",0.00862527421335413,0.00862527421335413
"94",361.130005,363.190002,349.019989,356.410004,10450200,356.410004,2018-08-13,"TSLA",0.00258801661335117,0.00258801661335117
"95",358.450012,359.200012,347.100006,347.640015,6986400,347.640015,2018-08-14,"TSLA",-0.0246064613831659,-0.0246064613831659
"96",341.910004,344.48999,332.140015,338.690002,9101300,338.690002,2018-08-15,"TSLA",-0.0257450598717758,-0.0257450598717758
"97",339.910004,342.279999,333.820007,335.450012,6064000,335.450012,2018-08-16,"TSLA",-0.00956624045843546,-0.00956624045843546
"98",323.5,326.769989,303.529999,305.5,18958600,305.5,2018-08-17,"TSLA",-0.0892830851948219,-0.0892830851948219
"99",291.700012,308.5,288.200012,308.440002,17402300,308.440002,2018-08-20,"TSLA",0.00962357446808504,0.00962357446808504
"100",310.609985,324.790009,309,321.899994,13172200,321.899994,2018-08-21,"TSLA",0.0436389311137406,0.0436389311137406
"101",320.869995,323.880005,314.670013,321.640015,5946000,321.640015,2018-08-22,"TSLA",-0.000807639033382435,-0.000807639033382435
"102",319.140015,327.320007,318.100006,320.100006,5147300,320.100006,2018-08-23,"TSLA",-0.00478798945460812,-0.00478798945460812
"103",320.700012,323.850006,319.399994,322.820007,3602600,322.820007,2018-08-24,"TSLA",0.00849734754456688,0.00849734754456688
"104",318,322.440002,308.809998,319.269989,13079300,319.269989,2018-08-27,"TSLA",-0.0109968958646357,-0.0109968958646357
"105",318.410004,318.880005,311.190002,311.859985,7649100,311.859985,2018-08-28,"TSLA",-0.0232092093065471,-0.0232092093065471
"106",310.269989,311.850006,303.690002,305.01001,7447400,305.01001,2018-08-29,"TSLA",-0.0219649051801243,-0.0219649051801243
"107",302.26001,304.600006,297.720001,303.149994,7216700,303.149994,2018-08-30,"TSLA",-0.00609821297340385,-0.00609821297340385
"108",302,305.309998,298.600006,301.660004,5375100,301.660004,2018-08-31,"TSLA",-0.00491502566218083,-0.00491502566218083
"109",296.940002,298.190002,288,288.950012,8350500,288.950012,2018-09-04,"TSLA",-0.0421335007341577,-0.0421335007341577
"110",285.049988,286.779999,277.179993,280.73999,7720800,280.73999,2018-09-05,"TSLA",-0.0284132952380706,-0.0284132952380706
"111",284.799988,291.170013,278.880005,280.950012,7480800,280.950012,2018-09-06,"TSLA",0.000748101472825669,0.000748101472825669
"112",260.100006,268.350006,252.25,263.23999,22491900,263.23999,2018-09-07,"TSLA",-0.0630362030381406,-0.0630362030381406
"113",273.26001,286.029999,271,285.5,14283500,285.5,2018-09-10,"TSLA",0.0845616579760546,0.0845616579760546
"114",279.470001,282,273.549988,279.440002,9170000,279.440002,2018-09-11,"TSLA",-0.0212259124343258,-0.0212259124343258
"115",281.440002,292.5,278.649994,290.540009,10015400,290.540009,2018-09-12,"TSLA",0.0397223265121505,0.0397223265121505
"116",288.019989,295,285.179993,289.459991,6340300,289.459991,2018-09-13,"TSLA",-0.00371727805653088,-0.00371727805653088
"117",288.76001,297.329987,286.519989,295.200012,6765600,295.200012,2018-09-14,"TSLA",0.0198301014940612,0.0198301014940612
"118",290.040009,300.869995,288.130005,294.839996,6887600,294.839996,2018-09-17,"TSLA",-0.00121956634608822,-0.00121956634608822
"119",296.690002,302.640015,275.5,284.959991,16547500,284.959991,2018-09-18,"TSLA",-0.0335097175893327,-0.0335097175893327
"120",280.51001,300,280.5,299.019989,8294900,299.019989,2018-09-19,"TSLA",0.0493402528216671,0.0493402528216671
"121",303.559998,305.980011,293.329987,298.329987,7349400,298.329987,2018-09-20,"TSLA",-0.00230754473073036,-0.00230754473073036
"122",297.700012,300.579987,295.369995,299.100006,5050500,299.100006,2018-09-21,"TSLA",0.00258109822530184,0.00258109822530184
"123",298.480011,303,293.579987,299.679993,4843000,299.679993,2018-09-24,"TSLA",0.00193910728306701,0.00193910728306701
"124",300,304.600006,296.5,300.98999,4481700,300.98999,2018-09-25,"TSLA",0.00437131950947411,0.00437131950947411
"125",301.910004,313.890015,301.109985,309.579987,7843200,309.579987,2018-09-26,"TSLA",0.0285391451057893,0.0285391451057893
"126",312.899994,314.959991,306.910004,307.519989,8509100,307.519989,2018-09-27,"TSLA",-0.0066541704454558,-0.0066541704454558
"127",270.26001,278,260.559998,264.769989,33649700,264.769989,2018-09-28,"TSLA",-0.139015353567797,-0.139015353567797
"128",305.769989,311.440002,301.049988,310.700012,21777600,310.700012,2018-10-01,"TSLA",0.173471408800791,0.173471408800791
"129",313.950012,316.839996,299.149994,301.019989,11743500,301.019989,2018-10-02,"TSLA",-0.0311555282463266,-0.0311555282463266
"130",303.329987,304.600006,291.570007,294.799988,7995000,294.799988,2018-10-03,"TSLA",-0.0206630829423092,-0.0206630829423092
"131",293.950012,294,277.670013,281.829987,9814200,281.829987,2018-10-04,"TSLA",-0.0439959346267,-0.0439959346267
"132",274.649994,274.880005,260,261.950012,17944500,261.950012,2018-10-05,"TSLA",-0.0705388919455189,-0.0705388919455189
"133",264.519989,267.76001,249,250.559998,13472700,250.559998,2018-10-08,"TSLA",-0.0434816319076939,-0.0434816319076939
"134",255.25,266.769989,253.300003,262.799988,12060600,262.799988,2018-10-09,"TSLA",0.0488505351919741,0.0488505351919741
"135",264.609985,265.51001,247.770004,256.880005,12815300,256.880005,2018-10-10,"TSLA",-0.0225265725659013,-0.0225265725659013
"136",257.529999,262.25,249.029999,252.229996,8167700,252.229996,2018-10-11,"TSLA",-0.0181018721172945,-0.0181018721172945
"137",261,261.98999,252.009995,258.779999,7201400,258.779999,2018-10-12,"TSLA",0.0259683745148216,0.0259683745148216
"138",259.059998,263.279999,254.539993,259.589996,6200000,259.589996,2018-10-15,"TSLA",0.00313006029496132,0.00313006029496132
"139",265.700012,277.380005,262.23999,276.589996,9526400,276.589996,2018-10-16,"TSLA",0.06548788575042,0.06548788575042
"140",282.399994,282.700012,265.799988,271.779999,8655500,271.779999,2018-10-17,"TSLA",-0.017390350589542,-0.017390350589542
"141",269.290009,271,263,263.910004,5421200,263.910004,2018-10-18,"TSLA",-0.0289572265396909,-0.0289572265396909
"142",267.390015,269.660004,253.5,260,9375500,260,2018-10-19,"TSLA",-0.0148156717848408,-0.0148156717848408
"143",260.679993,261.859985,252.589996,260.950012,5600300,260.950012,2018-10-22,"TSLA",0.00365389230769231,0.00365389230769231
"144",263.869995,297.929993,262.100006,294.140015,19027800,294.140015,2018-10-23,"TSLA",0.12718912233658,0.12718912233658
"145",301.049988,304.440002,285.730011,288.5,20058300,288.5,2018-10-24,"TSLA",-0.0191745927530466,-0.0191745927530466
"146",317.220001,321,301.01001,314.859985,20840700,314.859985,2018-10-25,"TSLA",0.0913690987868283,0.0913690987868283
"147",308.25,339.899994,306.649994,330.899994,27425500,330.899994,2018-10-26,"TSLA",0.0509433073878853,0.0509433073878853
"148",337.470001,347.160004,326.5,334.850006,14486000,334.850006,2018-10-29,"TSLA",0.0119371776114328,0.0119371776114328
"149",328.390015,337.899994,322.26001,329.899994,9126700,329.899994,2018-10-30,"TSLA",-0.0147827741117018,-0.0147827741117018
"150",332.540009,342,329.100006,337.320007,7624300,337.320007,2018-10-31,"TSLA",0.0224917039555932,0.0224917039555932
"151",338.26001,347.839996,334.730011,344.279999,8000100,344.279999,2018-11-01,"TSLA",0.0206332024652187,0.0206332024652187
"152",343.73999,349.200012,340.910004,346.410004,7808000,346.410004,2018-11-02,"TSLA",0.00618683921862107,0.00618683921862107
"153",340.5,343.959991,330.140015,341.399994,7831000,341.399994,2018-11-05,"TSLA",-0.0144626596869299,-0.0144626596869299
"154",339.070007,348.799988,336.089996,341.059998,6762900,341.059998,2018-11-06,"TSLA",-0.000995887539470774,-0.000995887539470774
"155",343.339996,351.179993,340.799988,348.160004,7374500,348.160004,2018-11-07,"TSLA",0.0208174691891014,0.0208174691891014
"156",348.5,357.579987,348.440002,351.399994,7090700,351.399994,2018-11-08,"TSLA",0.00930603734712721,0.00930603734712721
"157",349,354,345.230011,350.51001,5098800,350.51001,2018-11-09,"TSLA",-0.00253268074899271,-0.00253268074899271
"158",348.369995,349.779999,330.339996,331.279999,6941500,331.279999,2018-11-12,"TSLA",-0.0548629438571527,-0.0548629438571527
"159",333.160004,344.700012,332.200012,338.730011,5448600,338.730011,2018-11-13,"TSLA",0.0224885656317573,0.0224885656317573
"160",342.700012,347.109985,337.149994,344,5040300,344,2018-11-14,"TSLA",0.0155580811527207,0.0155580811527207
"161",342.329987,348.579987,339.040009,348.440002,4625700,348.440002,2018-11-15,"TSLA",0.0129069825581396,0.0129069825581396
"162",345.190002,355.700012,345.119995,354.309998,7206200,354.309998,2018-11-16,"TSLA",0.0168465043230026,0.0168465043230026
"163",356.339996,366.75,352.880005,353.470001,9708900,353.470001,2018-11-19,"TSLA",-0.00237079677328211,-0.00237079677328211
"164",341.75,349.799988,333.549988,347.48999,8004700,347.48999,2018-11-20,"TSLA",-0.0169180156253205,-0.0169180156253205
"165",352,353.100006,337.399994,338.190002,4686800,338.190002,2018-11-21,"TSLA",-0.0267633263335153,-0.0267633263335153
"166",334.350006,337.5,325.549988,325.829987,4202600,325.829987,2018-11-23,"TSLA",-0.0365475470206241,-0.0365475470206241
"167",325,346.220001,325,346,7992100,346,2018-11-26,"TSLA",0.0619034889505121,0.0619034889505121
"168",340.049988,346.959991,335.5,343.920013,6358300,343.920013,2018-11-27,"TSLA",-0.00601152312138731,-0.00601152312138731
"169",345.98999,348.279999,342.209991,347.869995,4127600,347.869995,2018-11-28,"TSLA",0.0114851763511652,0.0114851763511652
"170",347,347.5,339.549988,341.170013,3080700,341.170013,2018-11-29,"TSLA",-0.0192600169497229,-0.0192600169497229
"171",341.829987,351.600006,338.26001,350.480011,5629100,350.480011,2018-11-30,"TSLA",0.0272884416720411,0.0272884416720411
"172",360,366,352,358.48999,8306500,358.48999,2018-12-03,"TSLA",0.0228543105130181,0.0228543105130181
"173",356.049988,368.679993,352,359.700012,8461900,359.700012,2018-12-04,"TSLA",0.00337532994993817,0.00337532994993817
"174",356.01001,367.380005,350.76001,363.059998,7842500,363.059998,2018-12-06,"TSLA",0.00934107836504605,0.00934107836504605
"175",369,379.48999,357.649994,357.970001,11511200,357.970001,2018-12-07,"TSLA",-0.014019713072328,-0.014019713072328
"176",360,365.980011,353.119995,365.149994,6613500,365.149994,2018-12-10,"TSLA",0.0200575271110497,0.0200575271110497
"177",369.910004,372.170013,360.230011,366.76001,6308800,366.76001,2018-12-11,"TSLA",0.00440919081598024,0.00440919081598024
"178",369.420013,371.910004,365.160004,366.600006,5027000,366.600006,2018-12-12,"TSLA",-0.000436263484669519,-0.000436263484669519
"179",370.149994,377.440002,366.75,376.790009,7365900,376.790009,2018-12-13,"TSLA",0.027795970630726,0.027795970630726
"180",375,377.869995,364.329987,365.709991,6337600,365.709991,2018-12-14,"TSLA",-0.0294063476614105,-0.0294063476614105
"181",362,365.700012,343.880005,348.420013,7674000,348.420013,2018-12-17,"TSLA",-0.0472778387944015,-0.0472778387944015
"182",350.540009,351.549988,333.690002,337.029999,7100000,337.029999,2018-12-18,"TSLA",-0.0326904700505823,-0.0326904700505823
"183",337.600006,347.01001,329.73999,332.970001,8274200,332.970001,2018-12-19,"TSLA",-0.0120463994660605,-0.0120463994660605
"184",327.049988,330.290009,311.869995,315.380005,9071900,315.380005,2018-12-20,"TSLA",-0.0528275698927004,-0.0528275698927004
"185",317.399994,323.470001,312.440002,319.769989,8016800,319.769989,2018-12-21,"TSLA",0.013919664945151,0.013919664945151
"186",313.5,314.5,295.200012,295.390015,5559900,295.390015,2018-12-24,"TSLA",-0.0762422204667869,-0.0762422204667869
"187",300,326.970001,294.089996,326.089996,8163100,326.089996,2018-12-26,"TSLA",0.103930327502776,0.103930327502776
"188",319.839996,322.170013,301.5,316.130005,8575100,316.130005,2018-12-27,"TSLA",-0.0305436877002507,-0.0305436877002507
"189",323.100006,336.23999,318.410004,333.869995,9939000,333.869995,2018-12-28,"TSLA",0.0561161222263606,0.0561161222263606
"190",337.790009,339.209991,325.26001,332.799988,6302300,332.799988,2018-12-31,"TSLA",-0.00320486122150643,-0.00320486122150643
"191",306.100006,315.130005,298.799988,310.119995,11658600,310.119995,2019-01-02,"TSLA",-0.068149019885181,-0.068149019885181
"192",307,309.399994,297.380005,300.359985,6954400,300.359985,2019-01-03,"TSLA",-0.0314717211316865,-0.0314717211316865
"193",306,318,302.730011,317.690002,7394100,317.690002,2019-01-04,"TSLA",0.0576974892311304,0.0576974892311304
"194",321.720001,336.73999,317.75,334.959991,7551200,334.959991,2019-01-07,"TSLA",0.0543611347265502,0.0543611347265502
"195",341.959991,344.01001,327.019989,335.350006,7008500,335.350006,2019-01-08,"TSLA",0.0011643629402891,0.0011643629402891
"196",335.5,343.5,331.470001,338.529999,5432900,338.529999,2019-01-09,"TSLA",0.00948260904459319,0.00948260904459319
"197",334.399994,345.390015,331.790009,344.970001,6056400,344.970001,2019-01-10,"TSLA",0.0190234307713453,0.0190234307713453
"198",342.089996,348.410004,338.769989,347.26001,5039100,347.26001,2019-01-11,"TSLA",0.00663828446926318,0.00663828446926318
"199",342.380005,342.5,334,334.399994,5247300,334.399994,2019-01-14,"TSLA",-0.0370328158430913,-0.0370328158430913
"200",335,348.799988,334.5,344.429993,6056600,344.429993,2019-01-15,"TSLA",0.0299940166864956,0.0299940166864956
"201",344.779999,352,343.5,346.049988,4691700,346.049988,2019-01-16,"TSLA",0.00470340862562435,0.00470340862562435
"202",346.209991,351.5,344.149994,347.309998,3676700,347.309998,2019-01-17,"TSLA",0.00364112135151995,0.00364112135151995
"203",323,327.130005,299.730011,302.26001,24150800,302.26001,2019-01-18,"TSLA",-0.129711175202045,-0.129711175202045
"204",304.820007,308,295.5,298.920013,12066700,298.920013,2019-01-22,"TSLA",-0.0110500790362577,-0.0110500790362577
"205",292.5,294.5,281.690002,287.589996,12530000,287.589996,2019-01-23,"TSLA",-0.0379031731140732,-0.0379031731140732
"206",283.029999,293.679993,279.279999,291.51001,8012200,291.51001,2019-01-24,"TSLA",0.0136305645346579,0.0136305645346579
"207",294.390015,298.519989,289.549988,297.040009,7249600,297.040009,2019-01-25,"TSLA",0.0189701856207269,0.0189701856207269
"208",292.910004,297.459991,287.75,296.380005,6423300,296.380005,2019-01-28,"TSLA",-0.00222193637221446,-0.00222193637221446
"209",295.269989,298.559998,291.799988,297.459991,4621700,297.459991,2019-01-29,"TSLA",0.00364392328018215,0.00364392328018215
"210",300.450012,309,298.48999,308.769989,11250300,308.769989,2019-01-30,"TSLA",0.0380219133402717,0.0380219133402717
"211",301,311.559998,294,307.019989,12569200,307.019989,2019-01-31,"TSLA",-0.00566764926108154,-0.00566764926108154
"212",305.420013,316.100006,303.5,312.209991,7283400,312.209991,2019-02-01,"TSLA",0.0169044433129726,0.0169044433129726
"213",312.980011,315.299988,301.880005,312.890015,7352100,312.890015,2019-02-04,"TSLA",0.00217809813780101,0.00217809813780101
"214",312.48999,322.440002,312.25,321.350006,6742800,321.350006,2019-02-05,"TSLA",0.0270382261958726,0.0270382261958726
"215",319.589996,324.23999,315.619995,317.220001,5038500,317.220001,2019-02-06,"TSLA",-0.012852045815739,-0.012852045815739
"216",313.299988,314.700012,303,307.51001,6520600,307.51001,2019-02-07,"TSLA",-0.030609643053371,-0.030609643053371
"217",306.829987,307.450012,298.5,305.799988,5844200,305.799988,2019-02-08,"TSLA",-0.00556086613245543,-0.00556086613245543
"218",311.600006,318.600006,310.5,312.839996,7129700,312.839996,2019-02-11,"TSLA",0.0230216097981011,0.0230216097981011
"219",316.200012,318.190002,309.619995,311.809998,5517600,311.809998,2019-02-12,"TSLA",-0.00329241149843251,-0.00329241149843251
"220",312.350006,312.75,305.570007,308.170013,5141600,308.170013,2019-02-13,"TSLA",-0.0116737276653971,-0.0116737276653971
"221",303.380005,306.769989,301,303.769989,5200800,303.769989,2019-02-14,"TSLA",-0.0142779109400238,-0.0142779109400238
"222",304.5,308,303.899994,307.880005,3904900,307.880005,2019-02-15,"TSLA",0.013530026496462,0.013530026496462
"223",306.559998,311.540009,305.470001,305.640015,4168400,305.640015,2019-02-19,"TSLA",-0.00727552930889419,-0.00727552930889419
"224",304.410004,306.299988,299,302.559998,7142100,302.559998,2019-02-20,"TSLA",-0.0100772701506379,-0.0100772701506379
"225",301.809998,303.23999,290.5,291.230011,8909200,291.230011,2019-02-21,"TSLA",-0.0374470752078734,-0.0374470752078734
"226",294.48999,296.5,292.100006,294.709991,5740600,294.709991,2019-02-22,"TSLA",0.0119492492825541,0.0119492492825541
"227",297.910004,302.899994,297,298.769989,6626500,298.769989,2019-02-25,"TSLA",0.0137762482575625,0.0137762482575625
"228",292.220001,302.01001,288.769989,297.859985,8582500,297.859985,2019-02-26,"TSLA",-0.00304583470061981,-0.00304583470061981
"229",301.779999,316.299988,300.549988,314.73999,11183900,314.73999,2019-02-27,"TSLA",0.0566709388641109,0.0566709388641109
"230",318.920013,320,310.809998,319.880005,10520700,319.880005,2019-02-28,"TSLA",0.0163309880006033,0.0163309880006033
"231",306.940002,307.130005,291.899994,294.790009,22911400,294.790009,2019-03-01,"TSLA",-0.078435649643059,-0.078435649643059
"232",298.119995,299,282.779999,285.359985,17096800,285.359985,2019-03-04,"TSLA",-0.0319889538725853,-0.0319889538725853
"233",282,284,270.100006,276.540009,18764700,276.540009,2019-03-05,"TSLA",-0.0309082438450506,-0.0309082438450506
"234",276.480011,281.51001,274.390015,276.23999,10335500,276.23999,2019-03-06,"TSLA",-0.0010849026912414,-0.0010849026912414
"235",278.839996,284.700012,274.25,276.589996,9420000,276.589996,2019-03-07,"TSLA",0.00126703595666955,0.00126703595666955
"236",276.910004,285.589996,275.890015,284.140015,8819600,284.140015,2019-03-08,"TSLA",0.0272967898665433,0.0272967898665433
"237",283.519989,291.279999,280.5,290.920013,7392300,290.920013,2019-03-11,"TSLA",0.0238614684383682,0.0238614684383682
"238",286.48999,288.070007,281.059998,283.359985,7504100,283.359985,2019-03-12,"TSLA",-0.0259866205904508,-0.0259866205904508
"239",283.899994,291.98999,282.700012,288.959991,6844700,288.959991,2019-03-13,"TSLA",0.0197628680704511,0.0197628680704511
"240",292.450012,295.390015,288.290009,289.959991,7103400,289.959991,2019-03-14,"TSLA",0.0034606867080087,0.0034606867080087
"241",283.51001,283.720001,274.399994,275.429993,14785500,275.429993,2019-03-15,"TSLA",-0.0501103547075223,-0.0501103547075223
"242",276,278.049988,267.299988,269.48999,10281000,269.48999,2019-03-18,"TSLA",-0.0215662896233674,-0.0215662896233674
"243",267.5,273.299988,263.459991,267.470001,11800600,267.470001,2019-03-19,"TSLA",-0.00749559937272604,-0.00749559937272604
"244",269.690002,274.970001,266.299988,273.600006,6908200,273.600006,2019-03-20,"TSLA",0.0229184767528376,0.0229184767528376
"245",272.600006,276.450012,268.450012,274.019989,5947100,274.019989,2019-03-21,"TSLA",0.00153502555113239,0.00153502555113239
"246",272.579987,272.799988,264,264.529999,8745600,264.529999,2019-03-22,"TSLA",-0.0346324734725831,-0.0346324734725831
"247",259.709991,263.179993,254.460007,260.420013,10215000,260.420013,2019-03-25,"TSLA",-0.0155369372681243,-0.0155369372681243
"248",264.440002,270.26001,264.429993,267.769989,7350900,267.769989,2019-03-26,"TSLA",0.0282235451697026,0.0282235451697026
"249",268.75,275.369995,268.179993,274.829987,8779200,274.829987,2019-03-27,"TSLA",0.026365904657075,0.026365904657075
"250",277.160004,280.329987,275.100006,278.619995,6774100,278.619995,2019-03-28,"TSLA",0.0137903728824176,0.0137903728824176
"251",278.700012,280.160004,274.5,279.859985,5991300,279.859985,2019-03-29,"TSLA",0.00445047025429735,0.00445047025429735
"252",282.619995,289.200012,281.279999,289.179993,8110400,289.179993,2019-04-01,"TSLA",0.0333023958391194,0.0333023958391194
"253",288.299988,289.440002,283.880005,285.880005,5478900,285.880005,2019-04-02,"TSLA",-0.0114115363437333,-0.0114115363437333
"254",287.320007,296.170013,287.170013,291.809998,7929900,291.809998,2019-04-03,"TSLA",0.0207429442293456,0.0207429442293456
"255",261.890015,271.200012,260.589996,267.779999,23720700,267.779999,2019-04-04,"TSLA",-0.0823481003553553,-0.0823481003553553
"256",269.859985,276.100006,266.109985,274.959991,13038300,274.959991,2019-04-05,"TSLA",0.0268130257181756,0.0268130257181756
"257",277.690002,281.160004,270.440002,273.200012,10410400,273.200012,2019-04-08,"TSLA",-0.0064008548792831,-0.0064008548792831
"258",271.649994,275,269.609985,272.309998,5904000,272.309998,2019-04-09,"TSLA",-0.00325773777784466,-0.00325773777784466
"259",276.73999,278.380005,272.890015,276.059998,7061300,276.059998,2019-04-10,"TSLA",0.0137710698378397,0.0137710698378397
"260",268.299988,270.5,265.600006,268.420013,9835900,268.420013,2019-04-11,"TSLA",-0.0276750889493234,-0.0276750889493234
"261",270.220001,271.950012,266.829987,267.700012,6746000,267.700012,2019-04-12,"TSLA",-0.00268236705584235,-0.00268236705584235
"262",268.630005,268.880005,258.630005,266.380005,10038600,266.380005,2019-04-15,"TSLA",-0.00493091871807627,-0.00493091871807627
"263",265.75,275,264.720001,273.359985,7272900,273.359985,2019-04-16,"TSLA",0.026203092833488,0.026203092833488
"264",274.75,274.790009,268.540009,271.230011,5126500,271.230011,2019-04-17,"TSLA",-0.00779182805413159,-0.00779182805413159
"265",271.230011,274.839996,269.75,273.26001,5876300,273.26001,2019-04-18,"TSLA",0.00748441882413986,0.00748441882413986
"266",269,269.679993,262.480011,262.75,12147100,262.75,2019-04-22,"TSLA",-0.0384615736492142,-0.0384615736492142
"267",260.149994,265.600006,255.75,263.899994,10943900,263.899994,2019-04-23,"TSLA",0.00437676117982866,0.00437676117982866
"268",263.850006,265.320007,258,258.660004,10727500,258.660004,2019-04-24,"TSLA",-0.0198559686212042,-0.0198559686212042
"269",255,259,246.070007,247.630005,21849400,247.630005,2019-04-25,"TSLA",-0.0426428470943656,-0.0426428470943656
"270",246.5,246.679993,231.130005,235.139999,22360700,235.139999,2019-04-26,"TSLA",-0.0504381769083275,-0.0504381769083275
"271",235.860001,243.979996,232.169998,241.470001,16714500,241.470001,2019-04-29,"TSLA",0.0269201413069666,0.0269201413069666
"272",242.059998,244.210007,237,238.690002,9464600,238.690002,2019-04-30,"TSLA",-0.0115128131382251,-0.0115128131382251
"273",238.850006,240,231.5,234.009995,10704400,234.009995,2019-05-01,"TSLA",-0.0196070508223465,-0.0196070508223465
"274",245.520004,247.130005,237.720001,244.100006,18159300,244.100006,2019-05-02,"TSLA",0.0431178634057918,0.0431178634057918
"275",243.860001,256.609985,243.490005,255.029999,23706800,255.029999,2019-05-03,"TSLA",0.0447767010706259,0.0447767010706259
"276",250.020004,258.350006,248.5,255.339996,10833900,255.339996,2019-05-06,"TSLA",0.00121553151086351,0.00121553151086351
"277",256.799988,257.209991,245.100006,247.059998,10131400,247.059998,2019-05-07,"TSLA",-0.0324273444415657,-0.0324273444415657
"278",246.940002,250.600006,244.199997,244.839996,6176400,244.839996,2019-05-08,"TSLA",-0.00898567966474284,-0.00898567966474284
"279",242,243.679993,236.940002,241.979996,6711400,241.979996,2019-05-09,"TSLA",-0.0116810980506633,-0.0116810980506633
"280",239.75,241.990005,236.020004,239.520004,7008300,239.520004,2019-05-10,"TSLA",-0.0101660965396495,-0.0101660965396495
"281",232.009995,232.470001,224.5,227.009995,10834800,227.009995,2019-05-13,"TSLA",-0.0522294956207499,-0.0522294956207499
"282",229.300003,234.5,228,232.309998,7252400,232.309998,2019-05-14,"TSLA",0.0233470028489275,0.0233470028489275
"283",229.320007,232.440002,225.25,231.949997,7296000,231.949997,2019-05-15,"TSLA",-0.00154965779819782,-0.00154965779819782
"284",229.490005,231,226.5,228.330002,7483300,228.330002,2019-05-16,"TSLA",-0.0156067904583762,-0.0156067904583762
"285",221.960007,222.240005,208.919998,211.029999,17786700,211.029999,2019-05-17,"TSLA",-0.0757675419281957,-0.0757675419281957
"286",202.800003,206,195.25,205.360001,20526200,205.360001,2019-05-20,"TSLA",-0.0268682084389338,-0.0268682084389338
"287",197.759995,207.399994,196.039993,205.080002,18003900,205.080002,2019-05-21,"TSLA",-0.00136345441486441,-0.00136345441486441
"288",199.100006,203.940002,191.779999,192.729996,18685200,192.729996,2019-05-22,"TSLA",-0.0602204304640099,-0.0602204304640099
"289",194.339996,199.470001,186.220001,195.490005,26547100,195.490005,2019-05-23,"TSLA",0.0143205990623276,0.0143205990623276
"290",199.830002,199.979996,188.75,190.630005,14136600,190.630005,2019-05-24,"TSLA",-0.0248606060447949,-0.0248606060447949
"291",191.199997,195,187.850006,188.699997,10312900,188.699997,2019-05-28,"TSLA",-0.0101243663084414,-0.0101243663084414
"292",187.100006,192.389999,185.039993,189.860001,11968600,189.860001,2019-05-29,"TSLA",0.0061473450897831,0.0061473450897831
"293",188.75,192.259995,187.020004,188.220001,7926500,188.220001,2019-05-30,"TSLA",-0.00863794370252857,-0.00863794370252857
"294",185.100006,189.919998,184.100006,185.160004,10406700,185.160004,2019-05-31,"TSLA",-0.0162575549024676,-0.0162575549024676
"295",185.509995,186.679993,176.990005,178.970001,13064400,178.970001,2019-06-03,"TSLA",-0.0334305620343365,-0.0334305620343365
"296",181.100006,193.979996,179.610001,193.600006,13807500,193.600006,2019-06-04,"TSLA",0.0817455714268003,0.0817455714268003
"297",198.679993,201.279999,191.850006,196.589996,13510800,196.589996,2019-06-05,"TSLA",0.0154441627444992,0.0154441627444992
"298",204.440002,211,201.800003,205.949997,20242200,205.949997,2019-06-06,"TSLA",0.0476117869192081,0.0476117869192081
"299",205,210.839996,203.5,204.5,16003500,204.5,2019-06-07,"TSLA",-0.00704052935723032,-0.00704052935723032
"300",210.25,216.940002,209.009995,212.880005,10585000,212.880005,2019-06-10,"TSLA",0.0409780195599023,0.0409780195599023
"301",219.139999,220.899994,213.5,217.100006,11653500,217.100006,2019-06-11,"TSLA",0.0198233789030586,0.0198233789030586
"302",222.949997,223.380005,209,209.259995,15197500,209.259995,2019-06-12,"TSLA",-0.0361124402732629,-0.0361124402732629
"303",210.380005,214.899994,207.509995,213.910004,8168300,213.910004,2019-06-13,"TSLA",0.0222212038187231,0.0222212038187231
"304",211.25,216.649994,210.399994,214.919998,7433400,214.919998,2019-06-14,"TSLA",0.00472158375538156,0.00472158375538156
"305",215.479996,227,214.270004,225.029999,12316800,225.029999,2019-06-17,"TSLA",0.0470407644429627,0.0470407644429627
"306",228.720001,234.740005,222.559998,224.740005,12715800,224.740005,2019-06-18,"TSLA",-0.00128869040256274,-0.00128869040256274
"307",225.110001,227.770004,221.059998,226.429993,6575100,226.429993,2019-06-19,"TSLA",0.00751974709620562,0.00751974709620562
"308",223,226.899994,216.350006,219.619995,11863500,219.619995,2019-06-20,"TSLA",-0.0300755121252864,-0.0300755121252864
"309",216.220001,222.179993,215.5,221.860001,8202100,221.860001,2019-06-21,"TSLA",0.0101994629405215,0.0101994629405215
"310",223.240005,225.860001,221.020004,223.639999,5750800,223.639999,2019-06-24,"TSLA",0.00802306856565815,0.00802306856565815
"311",224.389999,225.339996,219.490005,219.759995,6182100,219.759995,2019-06-25,"TSLA",-0.0173493293567757,-0.0173493293567757
"312",220.309998,227.229996,218.100006,219.270004,8507200,219.270004,2019-06-26,"TSLA",-0.00222966422983406,-0.00222966422983406
"313",219.449997,222.899994,217.350006,222.839996,6339700,222.839996,2019-06-27,"TSLA",0.0162812602493501,0.0162812602493501
"314",220.990005,225.169998,220.800003,223.460007,6851400,223.460007,2019-06-28,"TSLA",0.00278231471517332,0.00278231471517332
"315",230.210007,233.100006,226.279999,227.169998,8238000,227.169998,2019-07-01,"TSLA",0.0166024831458991,0.0166024831458991
"316",228.889999,229.149994,222.220001,224.550003,9259000,224.550003,2019-07-02,"TSLA",-0.011533191103871,-0.011533191103871
"317",239.389999,241.570007,234.509995,234.899994,14201100,234.899994,2019-07-03,"TSLA",0.0460921436727837,0.0460921436727837
"318",234.570007,235.449997,230.800003,233.100006,7065700,233.100006,2019-07-05,"TSLA",-0.00766278435920265,-0.00766278435920265
"319",231.240005,232.25,228.660004,230.339996,5880500,230.339996,2019-07-08,"TSLA",-0.0118404544356812,-0.0118404544356812
"320",228.970001,231,227.279999,230.059998,6190800,230.059998,2019-07-09,"TSLA",-0.00121558567709623,-0.00121558567709623
"321",234.149994,238.940002,233.139999,238.919998,9145700,238.919998,2019-07-10,"TSLA",0.0385116929367268,0.0385116929367268
"322",238.139999,241.5,235.800003,238.600006,7514400,238.600006,2019-07-11,"TSLA",-0.00133932698258266,-0.00133932698258266
"323",239.75,245.380005,239.710007,245.080002,9200500,245.080002,2019-07-12,"TSLA",0.0271584066934181,0.0271584066934181
"324",248,254.419998,244.860001,253.5,11000100,253.5,2019-07-15,"TSLA",0.0343561201700986,0.0343561201700986
"325",249.300003,253.529999,247.929993,252.380005,8149000,252.380005,2019-07-16,"TSLA",-0.00441812623274163,-0.00441812623274163
"326",255.669998,258.309998,253.350006,254.860001,9764700,254.860001,2019-07-17,"TSLA",0.00982643613149947,0.00982643613149947
"327",255.050003,255.75,251.889999,253.539993,4764500,253.539993,2019-07-18,"TSLA",-0.00517934550270993,-0.00517934550270993
"328",255.690002,259.959991,254.619995,258.179993,7048400,258.179993,2019-07-19,"TSLA",0.0183008603301493,0.0183008603301493
"329",258.75,262.149994,254.190002,255.679993,6842400,255.679993,2019-07-22,"TSLA",-0.00968316704540317,-0.00968316704540317
"330",256.709991,260.480011,254.5,260.170013,5023100,260.170013,2019-07-23,"TSLA",0.0175610924707745,0.0175610924707745
"331",259.170013,266.070007,258.160004,264.880005,11072800,264.880005,2019-07-24,"TSLA",0.0181035160266529,0.0181035160266529
"332",233.5,234.5,225.550003,228.820007,22418300,228.820007,2019-07-25,"TSLA",-0.136137108574881,-0.136137108574881
"333",226.919998,230.259995,222.25,228.039993,10027700,228.039993,2019-07-26,"TSLA",-0.00340885401686053,-0.00340885401686053
"334",227.089996,235.940002,226.029999,235.770004,9273300,235.770004,2019-07-29,"TSLA",0.0338976111089426,0.0338976111089426
"335",232.899994,243.360001,232.179993,242.259995,8109000,242.259995,2019-07-30,"TSLA",0.0275267883526016,0.0275267883526016
"336",243,246.679993,236.649994,241.610001,9178200,241.610001,2019-07-31,"TSLA",-0.00268304306701561,-0.00268304306701561
"337",242.649994,244.509995,231.770004,233.850006,8259500,233.850006,2019-08-01,"TSLA",-0.0321178550882917,-0.0321178550882917
"338",231.350006,236.270004,229.229996,234.339996,6136500,234.339996,2019-08-02,"TSLA",0.00209531745746472,0.00209531745746472
"339",229.600006,231.369995,225.779999,228.320007,7028300,228.320007,2019-08-05,"TSLA",-0.0256891230808078,-0.0256891230808078
"340",231.880005,232.5,225.75,230.75,5564200,230.75,2019-08-06,"TSLA",0.010642926267955,0.010642926267955
"341",226.5,233.570007,225.800003,233.419998,4776500,233.419998,2019-08-07,"TSLA",0.0115709555796315,0.0115709555796315
"342",234.449997,239.800003,232.649994,238.300003,5274300,238.300003,2019-08-08,"TSLA",0.0209065420350145,0.0209065420350145
"343",236.050003,238.960007,233.809998,235.009995,3898200,235.009995,2019-08-09,"TSLA",-0.013806160128332,-0.013806160128332
"344",232.990005,235.770004,228.75,229.009995,4663900,229.009995,2019-08-12,"TSLA",-0.0255308290185701,-0.0255308290185701
"345",228.809998,236,227.550003,235,4848100,235,2019-08-13,"TSLA",0.0261560854581915,0.0261560854581915
"346",231.210007,231.5,216.690002,219.619995,9562600,219.619995,2019-08-14,"TSLA",-0.065446829787234,-0.065446829787234
"347",220.860001,221.559998,211.550003,215.639999,8159600,215.639999,2019-08-15,"TSLA",-0.0181221932911891,-0.0181221932911891
"348",216.660004,222.240005,216.020004,219.940002,5098500,219.940002,2019-08-16,"TSLA",0.0199406558149724,0.0199406558149724
"349",224.210007,227.830002,221.699997,226.830002,5309600,226.830002,2019-08-19,"TSLA",0.0313267251857168,0.0313267251857168
"350",227.619995,229.089996,224.539993,225.860001,4125200,225.860001,2019-08-20,"TSLA",-0.00427633466229038,-0.00427633466229038
"351",222.009995,223.220001,217.600006,220.830002,7794300,220.830002,2019-08-21,"TSLA",-0.0222704284854759,-0.0222704284854759
"352",222.800003,225.399994,218.220001,222.149994,6559000,222.149994,2019-08-22,"TSLA",0.00597741243510908,0.00597741243510908
"353",219.970001,221.169998,211,211.399994,8538600,211.399994,2019-08-23,"TSLA",-0.048390728293245,-0.048390728293245
"354",213.600006,215.020004,211.539993,215,5051900,215,2019-08-26,"TSLA",0.0170293571531512,0.0170293571531512
"355",215.740005,218.800003,212.029999,214.080002,5416200,214.080002,2019-08-27,"TSLA",-0.00427906046511628,-0.00427906046511628
"356",213.690002,217.25,212.309998,215.589996,3225500,215.589996,2019-08-28,"TSLA",0.00705340987431424,0.00705340987431424
"357",219,223.399994,218,221.710007,5179500,221.710007,2019-08-29,"TSLA",0.0283872680251822,0.0283872680251822
"358",229.149994,232.440002,224.210007,225.610001,9320600,225.610001,2019-08-30,"TSLA",0.0175905185912515,0.0175905185912515
"359",224.080002,228.949997,223.160004,225.009995,5354100,225.009995,2019-09-03,"TSLA",-0.00265948316714915,-0.00265948316714915
"360",226.889999,228.460007,219.210007,220.679993,5761000,220.679993,2019-09-04,"TSLA",-0.0192435984899249,-0.0192435984899249
"361",222.5,229.800003,220.850006,229.580002,7395300,229.580002,2019-09-05,"TSLA",0.0403299314949679,0.0403299314949679
"362",227.199997,229.639999,225.169998,227.449997,4189400,227.449997,2019-09-06,"TSLA",-0.00927783335414389,-0.00927783335414389
"363",230,233.759995,229.229996,231.789993,4802700,231.789993,2019-09-09,"TSLA",0.0190810993943429,0.0190810993943429
"364",230.800003,235.539993,228.940002,235.539993,4883700,235.539993,2019-09-10,"TSLA",0.0161784378672465,0.0161784378672465
"365",237.380005,248.169998,236,247.100006,10042800,247.100006,2019-09-11,"TSLA",0.0490787693960746,0.0490787693960746
"366",247.699997,253.5,244.399994,245.869995,8581200,245.869995,2019-09-12,"TSLA",-0.00497778620045852,-0.00497778620045852
"367",246.960007,248.449997,244.869995,245.199997,5313100,245.199997,2019-09-13,"TSLA",-0.00272500920659302,-0.00272500920659302
"368",246,247.429993,241.169998,242.809998,4728100,242.809998,2019-09-16,"TSLA",-0.00974714122855391,-0.00974714122855391
"369",242.470001,245.600006,240.369995,244.789993,3865400,244.789993,2019-09-17,"TSLA",0.00815450358843961,0.00815450358843961
"370",245,248.169998,242.369995,243.490005,4170200,243.490005,2019-09-18,"TSLA",-0.00531062558590789,-0.00531062558590789
"371",246,247.940002,244.839996,246.600006,4795800,246.600006,2019-09-19,"TSLA",0.0127726023086656,0.0127726023086656
"372",246.490005,246.949997,238.160004,240.619995,6353000,240.619995,2019-09-20,"TSLA",-0.024249841259128,-0.024249841259128
"373",240,245.179993,239.220001,241.229996,4340200,241.229996,2019-09-23,"TSLA",0.00253512182144311,0.00253512182144311
"374",241.520004,241.990005,222.610001,223.210007,12891500,223.210007,2019-09-24,"TSLA",-0.0747004489441686,-0.0747004489441686
"375",224.559998,228.979996,218.360001,228.699997,9427100,228.699997,2019-09-25,"TSLA",0.0245956266647132,0.0245956266647132
"376",230.660004,243.309998,227.399994,242.559998,11884500,242.559998,2019-09-26,"TSLA",0.0606034157490611,0.0606034157490611
"377",242.199997,248.710007,238.729996,242.130005,11116400,242.130005,2019-09-27,"TSLA",-0.00177272841171439,-0.00177272841171439
